{"name": "xor-demo", "input_size": 2, "hidden_size": 8, "output_size": 1, "weights_ih": [[-0.41702191427561464, 0.09179268870793424], [0.05224285016151957, -0.2621820530332769], [-0.04189655580714091, -0.14380418344777712], [-0.8523152946570128, 0.8649713987464949], [-0.788822601717404, 0.8607709856438799], [-1.44184025649797, 1.5027154435954806], [-2.0678288459339114, 2.1399670520078473], [0.8133478437308017, 2.5307391216108703]], "weights_ho": [[-0.18378845170079494, -0.12582645746673796, 0.15514407053960244, 1.0945039606008802, 1.0744711803862197, 1.9139565694088512, 2.7192500137629914, -2.3708786105782567]], "bias_h": [-0.11545336244787985, -0.08228668958085435, 0.0, -0.013058728863526789, -0.07399004801458052, -0.06148152383704616, -0.07227273913602048, -0.8411930410164716], "bias_o": [0.0761772400163031], "epochs_done": 200, "last_loss": 0.13487408899116815}