{"name": "xor-demo", "input_size": 2, "hidden_size": 8, "output_size": 1, "weights_ih": [[-0.35391165416026815, -0.3233570072493177], [28779.241843745527, -68992.62571709395], [-0.29989426703673017, -0.021449668230352326], [20235.769482618725, -57750.69136467908], [18965.253330870168, -77957.02682254862], [6.176851948324254e+16, 4.74825314590053e+16], [7.773963998583179e+16, 5.975979845342855e+16], [1.7555959551113094e+16, 1.3495524450418938e+16]], "weights_ho": [[-0.013301905429686567, 48741.27586728381, 0.44784329083136176, 38459.48680888771, 50390.00577133902, -2.1943762442450732e+16, -2.761763363574e+16, -6236906510666408.0]], "bias_h": [0.0, 28778.11268721401, 0.0, 20234.79507038921, 18964.042790733736, 6.199684309714617e+16, 7.802698086900922e+16, 1.7620767947648584e+16], "bias_o": [18.10080128429096], "epochs_done": 200, "last_loss": 0.7499999969082696}