{"name": "xor-demo", "input_size": 2, "hidden_size": 8, "output_size": 1, "weights_ih": [[2.924294007840729, -2.882964122365924], [-0.08454572580885424, 0.17401220963479122], [1.0408324344624116, 1.0395857050646244], [-2.5968055955988145, 2.6326900080466444], [-0.45845610440929385, -0.10863744490521188], [0.49400741715613045, -0.21815387731986227], [-1.033201255666282, 1.0428118262536619], [0.16139079982487659, 0.056613208159067036]], "weights_ho": [[3.8322073226145443, -0.9864402008026644, -1.5190250544232158, 3.4709678381689164, 0.13287032010918687, -1.2650077183385087, 1.367974236486366, -0.4070958777552307]], "bias_h": [-0.003810867777482735, 1.1234007503615955, -1.039538412496238, -0.004464851178743144, 0.0, 1.4593310295265514, -0.0026370173983614083, -0.2244452689127647], "bias_o": [-1.8545727558369567], "epochs_done": 200, "last_loss": 2.1596742383299587e-05}