{"name": "xor-demo", "input_size": 2, "hidden_size": 8, "output_size": 1, "weights_ih": [[-0.37412427415072735, -0.015219213909611153], [-0.34734262479249733, 0.12938277348155722], [0.09955194466178933, -0.17550450900857284], [1.9053365465702244e+16, 1.4728511334074972e+16], [2623913980743056.5, 2028304515758133.5], [-0.07355306500119829, -0.37736237714792165], [0.11833154266261764, -0.03423279799107548], [0.06476344288232393, -0.20225512479319574]], "weights_ho": [[-0.3089349506749749, -0.13329317074134006, -0.4407644952828789, -6743256572920009.0, -928644433852568.0, 0.425525485818537, -0.4165605000643403, -0.34974841477512686]], "bias_h": [-0.05284780766333234, -0.13355068243346427, -0.14463667727094948, 1.9307033514857304e+16, 2658816016353825.5, 0.0, -0.21260390883620545, -0.1144092761785719], "bias_o": [17.092312474768026], "epochs_done": 200, "last_loss": 0.7499999969082696}