{"name": "xor-demo", "input_size": 2, "hidden_size": 8, "output_size": 1, "weights_ih": [[NaN, NaN], [NaN, NaN], [-0.029004057308947104, -0.261647443695245], [NaN, NaN], [0.14078534156471775, -0.41667693109612713], [NaN, NaN], [-0.2733935505545301, -0.3646452255098105], [-0.436115338170486, 0.18683919528659768]], "weights_ho": [[-1.5066438950797482e+226, -1.7804546227741185e+225, 0.27861884446767066, -1.193913084470819e+225, -0.22635302762309403, -1.9933198693204233e+225, 0.3106334238668208, -0.11557543187830156]], "bias_h": [NaN, NaN, -0.12926968200705857, NaN, -0.1486575224009821, NaN, 0.0, -0.2404530020824997], "bias_o": [-2.859604771812702e+21], "epochs_done": 200, "last_loss": 6.552555237031471e+43}