{"name": "xor-demo", "input_size": 2, "hidden_size": 8, "output_size": 1, "weights_ih": [[37806.837321631145, -80686.30620014793], [3.002436160408559e+16, 2.573246616103392e+16], [2.5829248881560388e+16, 2.2137056918576144e+16], [3.4108394447432784e+16, 2.9232738254512504e+16], [2.959849971881051e+17, 2.536755724260706e+17], [3.90028471040048e+16, 3.3427513231326676e+16], [-0.33781794932931253, -0.18575637527268518], [-0.11950921008097293, -0.30902719658205846]], "weights_ho": [[63500.894175248905, -1.7095229159390168e+16, -1.470662110710327e+16, -1.942058907151105e+16, -1.6852750546965315e+17, -2.220738646273854e+16, -0.3597738859587766, 0.46021127440338716]], "bias_h": [37805.6068855352, 3.171486981687381e+16, 2.728359360763476e+16, 3.602891878573877e+16, 3.126515867362902e+17, 4.1198901646879816e+16, 0.0, 0.0], "bias_o": [18.069140146823017], "epochs_done": 200, "last_loss": 0.49999999793884636}